{
  "posts": [
    {
      "id": 1,
      "title": "json-server",
      "author": "typicode"
    }
  ],
  "comments": [
    {
      "id": 1,
      "body": "some comment",
      "postId": 1
    }
  ],
  "profile": {
    "name": "typicode"
  },
  "users": [
    {
      "id": 2,
      "firstName": "Amit",
      "lastName": "Tiwary",
      "email": "amitan@gmail.com"
    },
    {
      "id": 3,
      "firstName": "Nagavenu",
      "lastName": "Thota",
      "email": "nagavenu@gmail.com"
    },
    {
      "id": 4,
      "firstName": "Dhoni",
      "lastName": "M S",
      "email": "msd@gmail.com"
    },
    {
      "id": 5,
      "firstName": "nagavenu",
      "lastName": "r",
      "email": "admin12@gmail.com"
    }
  ],
  "product": [
    {
      "id": 1,
      "productname": "shoes",
      "quantity": 10
    }
  ]
}